Jody,jody@email.com,pass,2015-05-22 13:31:20,2015-05-22 13:31:20
Matt,matt@email.com,1234,2015-05-22 13:31:20,2015-05-22 14:31:20
Raymond,raymond@email.com,pword,2015-05-22 13:31:20,2015-05-22 15:31:20
Greg,greg@email.com,pass,2015-05-22 13:31:20,2015-05-22 13:31:20
Jam,jam@email.com,1234,2015-05-22 13:31:20,2015-05-22 14:31:20
Bob,bob@email.com,pword,2015-05-22 13:31:20,2015-05-22 15:31:20
Kambo,kambo@email.com,pass,2015-05-22 13:31:20,2015-05-22 13:31:20
Skunk,skunk@email.com,1234,2015-05-22 13:31:20,2015-05-22 14:31:20
Marshman,marshy@email.com,pword,2015-05-22 13:31:20,2015-05-22 15:31:20
Chunky,chunkylover@email.com,pass,2015-05-22 13:31:20,2015-05-22 13:31:20